{
  "name": "pnotify",
  "version": "2.0.1",
  "description": "JavaScript notification plugin.",
  "main": [
    "pnotify.core.js",
    "pnotify.buttons.js",
    "pnotify.callbacks.js",
    "pnotify.confirm.js",
    "pnotify.desktop.js",
    "pnotify.history.js",
    "pnotify.nonblock.js",
    "pnotify.core.css",
    "pnotify.buttons.css",
    "pnotify.history.css"
  ],
  "ignore": [
    "build-cache/",
    "build-tools/",
    "includes/",
    "oxygen/",
    "devnote*.*",
    "index.html",
    "README.md",
    "testing.html",
    "buildcustom.php",
    "pnotify.tooltip.js",
    "pnotify.mobile.js"
  ],
  "homepage": "https://github.com/sciactive/pnotify",
  "_release": "2.0.1",
  "_resolution": {
    "type": "version",
    "tag": "2.0.1",
    "commit": "30d5ba591a20982d701ea28ad740e8f67823c137"
  },
  "_source": "git://github.com/sciactive/pnotify.git",
  "_target": "~2.0.1",
  "_originalSource": "pnotify"
}