{
  "name": "ionic-rating",
  "main": "ionic-rating.js",
  "version": "0.0.2",
  "homepage": "https://github.com/fraserxu/ionic-rating",
  "authors": [
    "fraserxu <xvfeng123@gmail.com>"
  ],
  "description": "Star rating bar for ionic",
  "keywords": [
    "ionic",
    "angularjs",
    "rating",
    "web"
  ],
  "license": "MIT",
  "ignore": [
    "**/.*",
    "node_modules",
    "bower_components",
    "test",
    "tests"
  ],
  "_release": "0.0.2",
  "_resolution": {
    "type": "version",
    "tag": "v0.0.2",
    "commit": "f4322a60c9ddd7a35758f088747f4968d75de0ff"
  },
  "_source": "git://github.com/fraserxu/ionic-rating.git",
  "_target": "~0.0.2",
  "_originalSource": "ionic-rating",
  "_direct": true
}